iteration	evaluations	runtime[s]	Cuenta_de_+[MAX]	Valor_objetivo-MIN[MIN]
1	25	0.026	4	110
1	25	0.026	2	73
1	25	0.026	0	47
2	50	0.04	4	110
2	50	0.04	2	38
2	50	0.04	1	33
3	75	0.04	4	110
3	75	0.04	2	11
4	100	0.041	4	110
4	100	0.041	2	11
5	125	0.042	4	110
5	125	0.042	2	11
5	125	0.042	3	53
6	150	0.044	4	110
6	150	0.044	2	11
6	150	0.044	3	53
7	175	0.045	4	110
7	175	0.045	2	11
7	175	0.045	3	53
8	200	0.047	4	110
8	200	0.047	2	11
8	200	0.047	3	24
9	225	0.049	4	110
9	225	0.049	2	11
9	225	0.049	3	24
10	250	0.05	4	110
10	250	0.05	2	11
10	250	0.05	3	24
11	275	0.051	4	110
11	275	0.051	2	11
11	275	0.051	3	24
12	300	0.053	2	11
12	300	0.053	3	24
12	300	0.053	5	98
13	325	0.054	2	11
13	325	0.054	3	24
13	325	0.054	5	98
14	350	0.055	2	11
14	350	0.055	3	24
14	350	0.055	5	98
15	375	0.057	2	11
15	375	0.057	5	98
15	375	0.057	3	18
16	400	0.059	2	11
16	400	0.059	5	98
16	400	0.059	3	18
17	425	0.06	2	11
17	425	0.06	5	98
17	425	0.06	3	18
18	450	0.061	2	11
18	450	0.061	5	98
18	450	0.061	3	18
19	475	0.063	2	11
19	475	0.063	5	98
19	475	0.063	3	18
20	500	0.065	2	11
20	500	0.065	5	98
20	500	0.065	3	18
21	525	0.066	2	11
21	525	0.066	5	98
21	525	0.066	3	18
22	550	0.067	2	11
22	550	0.067	5	98
22	550	0.067	3	18
23	575	0.069	2	11
23	575	0.069	5	98
23	575	0.069	3	18
24	600	0.07	2	11
24	600	0.07	5	98
24	600	0.07	3	18
25	625	0.071	2	11
25	625	0.071	5	98
25	625	0.071	3	18
26	650	0.072	2	11
26	650	0.072	5	98
26	650	0.072	3	18
27	675	0.074	2	11
27	675	0.074	5	98
27	675	0.074	3	18
28	700	0.075	2	11
28	700	0.075	5	98
28	700	0.075	3	18
29	725	0.076	2	11
29	725	0.076	5	98
29	725	0.076	3	18
30	750	0.077	2	11
30	750	0.077	5	98
30	750	0.077	3	18
31	775	0.078	2	11
31	775	0.078	5	98
31	775	0.078	3	18
32	800	0.08	2	11
32	800	0.08	5	98
32	800	0.08	3	18
33	825	0.081	2	11
33	825	0.081	5	98
33	825	0.081	3	18
34	850	0.082	2	11
34	850	0.082	5	98
34	850	0.082	3	18
35	875	0.083	2	11
35	875	0.083	5	98
35	875	0.083	3	18
36	900	0.085	2	11
36	900	0.085	5	98
36	900	0.085	3	18
36	900	0.085	1	4
37	925	0.086	2	11
37	925	0.086	5	98
37	925	0.086	3	18
37	925	0.086	1	4
38	950	0.087	2	11
38	950	0.087	5	98
38	950	0.087	3	18
38	950	0.087	1	4
39	975	0.088	2	11
39	975	0.088	5	98
39	975	0.088	3	18
39	975	0.088	1	4
40	1000	0.089	2	11
40	1000	0.089	5	98
40	1000	0.089	3	18
40	1000	0.089	1	4
41	1025	0.091	2	11
41	1025	0.091	5	98
41	1025	0.091	3	18
41	1025	0.091	1	4
42	1050	0.092	2	11
42	1050	0.092	5	98
42	1050	0.092	3	18
42	1050	0.092	1	4
43	1075	0.094	2	11
43	1075	0.094	5	98
43	1075	0.094	3	18
43	1075	0.094	1	4
44	1100	0.095	2	11
44	1100	0.095	5	98
44	1100	0.095	3	18
44	1100	0.095	1	4
45	1125	0.096	5	98
45	1125	0.096	3	18
45	1125	0.096	2	4
46	1150	0.097	5	98
46	1150	0.097	3	18
46	1150	0.097	2	4
47	1175	0.098	5	98
47	1175	0.098	3	18
47	1175	0.098	2	4
48	1200	0.099	5	98
48	1200	0.099	3	18
48	1200	0.099	2	4
49	1225	0.1	5	98
49	1225	0.1	3	18
49	1225	0.1	2	4
50	1250	0.101	5	98
50	1250	0.101	3	18
50	1250	0.101	2	4
51	1275	0.102	5	98
51	1275	0.102	3	18
51	1275	0.102	2	4
52	1300	0.103	5	98
52	1300	0.103	3	18
52	1300	0.103	2	4
53	1325	0.104	5	98
53	1325	0.104	3	18
53	1325	0.104	2	4
54	1350	0.106	5	98
54	1350	0.106	3	18
54	1350	0.106	2	4
55	1375	0.109	5	98
55	1375	0.109	3	18
55	1375	0.109	2	4
56	1400	0.11	5	98
56	1400	0.11	3	18
56	1400	0.11	2	4
57	1425	0.113	5	98
57	1425	0.113	3	18
57	1425	0.113	2	4
58	1450	0.116	5	98
58	1450	0.116	3	18
58	1450	0.116	2	4
59	1475	0.118	5	98
59	1475	0.118	3	18
59	1475	0.118	2	4
60	1500	0.119	5	98
60	1500	0.119	3	18
60	1500	0.119	2	4
61	1525	0.12	5	98
61	1525	0.12	3	18
61	1525	0.12	2	4
62	1550	0.122	5	98
62	1550	0.122	3	18
62	1550	0.122	2	4
63	1575	0.123	5	98
63	1575	0.123	3	18
63	1575	0.123	2	4
64	1600	0.126	5	98
64	1600	0.126	3	18
64	1600	0.126	2	4
65	1625	0.127	5	98
65	1625	0.127	3	18
65	1625	0.127	2	4
66	1650	0.128	5	98
66	1650	0.128	3	18
66	1650	0.128	2	4
67	1675	0.129	5	98
67	1675	0.129	3	18
67	1675	0.129	2	4
68	1700	0.131	5	98
68	1700	0.131	3	18
68	1700	0.131	2	4
69	1725	0.132	5	98
69	1725	0.132	3	18
69	1725	0.132	2	0
70	1750	0.133	5	98
70	1750	0.133	3	18
70	1750	0.133	2	0
71	1775	0.134	5	98
71	1775	0.134	3	18
71	1775	0.134	2	0
72	1800	0.135	5	98
72	1800	0.135	3	18
72	1800	0.135	2	0
73	1825	0.136	5	98
73	1825	0.136	3	18
73	1825	0.136	2	0
74	1850	0.137	5	98
74	1850	0.137	3	18
74	1850	0.137	2	0
75	1875	0.138	5	98
75	1875	0.138	3	18
75	1875	0.138	2	0
76	1900	0.139	5	98
76	1900	0.139	3	18
76	1900	0.139	2	0
77	1925	0.14	5	98
77	1925	0.14	3	18
77	1925	0.14	2	0
78	1950	0.141	5	98
78	1950	0.141	3	18
78	1950	0.141	2	0
79	1975	0.142	5	98
79	1975	0.142	3	18
79	1975	0.142	2	0
80	2000	0.143	5	98
80	2000	0.143	3	18
80	2000	0.143	2	0
81	2025	0.144	5	98
81	2025	0.144	3	18
81	2025	0.144	2	0
82	2050	0.145	5	98
82	2050	0.145	3	18
82	2050	0.145	2	0
83	2075	0.146	5	98
83	2075	0.146	3	18
83	2075	0.146	2	0
84	2100	0.147	5	98
84	2100	0.147	3	18
84	2100	0.147	2	0
85	2125	0.148	5	98
85	2125	0.148	3	18
85	2125	0.148	2	0
86	2150	0.149	5	98
86	2150	0.149	3	18
86	2150	0.149	2	0
87	2175	0.15	5	98
87	2175	0.15	3	18
87	2175	0.15	2	0
88	2200	0.151	5	98
88	2200	0.151	3	18
88	2200	0.151	2	0
89	2225	0.152	5	98
89	2225	0.152	3	18
89	2225	0.152	2	0
90	2250	0.153	5	98
90	2250	0.153	3	18
90	2250	0.153	2	0
91	2275	0.154	5	98
91	2275	0.154	3	18
91	2275	0.154	2	0
92	2300	0.157	5	98
92	2300	0.157	3	18
92	2300	0.157	2	0
93	2325	0.159	5	98
93	2325	0.159	3	18
93	2325	0.159	2	0
94	2350	0.162	5	98
94	2350	0.162	3	18
94	2350	0.162	2	0
95	2375	0.166	5	98
95	2375	0.166	3	18
95	2375	0.166	2	0
96	2400	0.168	5	98
96	2400	0.168	3	18
96	2400	0.168	2	0
97	2425	0.171	5	98
97	2425	0.171	3	18
97	2425	0.171	2	0
98	2450	0.172	5	98
98	2450	0.172	3	18
98	2450	0.172	2	0
99	2475	0.174	5	98
99	2475	0.174	3	18
99	2475	0.174	2	0
100	2500	0.176	5	98
100	2500	0.176	3	18
100	2500	0.176	2	0
101	2525	0.177	5	98
101	2525	0.177	3	18
101	2525	0.177	2	0
102	2550	0.178	5	98
102	2550	0.178	3	18
102	2550	0.178	2	0
103	2575	0.179	5	98
103	2575	0.179	3	18
103	2575	0.179	2	0
104	2600	0.181	5	98
104	2600	0.181	3	18
104	2600	0.181	2	0
105	2625	0.182	5	98
105	2625	0.182	3	18
105	2625	0.182	2	0
106	2650	0.185	5	98
106	2650	0.185	3	18
106	2650	0.185	2	0
107	2675	0.188	5	98
107	2675	0.188	3	18
107	2675	0.188	2	0
108	2700	0.191	5	98
108	2700	0.191	3	18
108	2700	0.191	2	0
109	2725	0.193	5	98
109	2725	0.193	3	18
109	2725	0.193	2	0
110	2750	0.194	5	98
110	2750	0.194	3	18
110	2750	0.194	2	0
111	2775	0.196	5	98
111	2775	0.196	3	18
111	2775	0.196	2	0
112	2800	0.197	5	98
112	2800	0.197	3	18
112	2800	0.197	2	0
113	2825	0.198	5	98
113	2825	0.198	3	18
113	2825	0.198	2	0
114	2850	0.199	5	98
114	2850	0.199	3	18
114	2850	0.199	2	0
115	2875	0.199	5	98
115	2875	0.199	3	18
115	2875	0.199	2	0
116	2900	0.201	5	98
116	2900	0.201	3	18
116	2900	0.201	2	0
117	2925	0.201	5	98
117	2925	0.201	3	18
117	2925	0.201	2	0
118	2950	0.202	5	98
118	2950	0.202	3	18
118	2950	0.202	2	0
119	2975	0.204	5	98
119	2975	0.204	3	18
119	2975	0.204	2	0
120	3000	0.205	5	98
120	3000	0.205	3	18
120	3000	0.205	2	0
121	3025	0.206	5	98
121	3025	0.206	3	18
121	3025	0.206	2	0
122	3050	0.207	5	98
122	3050	0.207	3	18
122	3050	0.207	2	0
123	3075	0.208	5	98
123	3075	0.208	3	18
123	3075	0.208	2	0
124	3100	0.208	5	98
124	3100	0.208	3	18
124	3100	0.208	2	0
125	3125	0.21	5	98
125	3125	0.21	3	18
125	3125	0.21	2	0
126	3150	0.21	5	98
126	3150	0.21	3	18
126	3150	0.21	2	0
127	3175	0.211	5	98
127	3175	0.211	3	18
127	3175	0.211	2	0
128	3200	0.212	5	98
128	3200	0.212	3	18
128	3200	0.212	2	0
129	3225	0.213	5	98
129	3225	0.213	3	18
129	3225	0.213	2	0
130	3250	0.214	5	98
130	3250	0.214	3	18
130	3250	0.214	2	0
131	3275	0.215	5	98
131	3275	0.215	3	18
131	3275	0.215	2	0
132	3300	0.216	5	98
132	3300	0.216	3	18
132	3300	0.216	2	0
133	3325	0.217	5	98
133	3325	0.217	3	18
133	3325	0.217	2	0
134	3350	0.218	5	98
134	3350	0.218	3	18
134	3350	0.218	2	0
135	3375	0.219	5	98
135	3375	0.219	3	18
135	3375	0.219	2	0
136	3400	0.22	5	98
136	3400	0.22	3	18
136	3400	0.22	2	0
137	3425	0.221	5	98
137	3425	0.221	3	18
137	3425	0.221	2	0
138	3450	0.223	5	98
138	3450	0.223	3	18
138	3450	0.223	2	0
139	3475	0.225	5	98
139	3475	0.225	3	18
139	3475	0.225	2	0
140	3500	0.226	5	98
140	3500	0.226	3	18
140	3500	0.226	2	0
141	3525	0.228	5	98
141	3525	0.228	3	18
141	3525	0.228	2	0
142	3550	0.229	5	98
142	3550	0.229	3	18
142	3550	0.229	2	0
143	3575	0.23	5	98
143	3575	0.23	3	18
143	3575	0.23	2	0
144	3600	0.231	5	98
144	3600	0.231	3	18
144	3600	0.231	2	0
145	3625	0.232	5	98
145	3625	0.232	3	18
145	3625	0.232	2	0
146	3650	0.233	5	98
146	3650	0.233	3	18
146	3650	0.233	2	0
147	3675	0.235	5	98
147	3675	0.235	3	18
147	3675	0.235	2	0
148	3700	0.237	5	98
148	3700	0.237	3	18
148	3700	0.237	2	0
149	3725	0.238	5	98
149	3725	0.238	3	18
149	3725	0.238	2	0
150	3750	0.24	5	98
150	3750	0.24	3	18
150	3750	0.24	2	0
151	3775	0.243	5	98
151	3775	0.243	3	18
151	3775	0.243	2	0
152	3800	0.244	5	98
152	3800	0.244	3	18
152	3800	0.244	2	0
153	3825	0.245	5	98
153	3825	0.245	3	18
153	3825	0.245	2	0
154	3850	0.246	5	98
154	3850	0.246	3	18
154	3850	0.246	2	0
155	3875	0.247	5	98
155	3875	0.247	3	18
155	3875	0.247	2	0
156	3900	0.248	5	98
156	3900	0.248	3	18
156	3900	0.248	2	0
157	3925	0.249	5	98
157	3925	0.249	3	18
157	3925	0.249	2	0
158	3950	0.252	5	98
158	3950	0.252	3	18
158	3950	0.252	2	0
159	3975	0.254	5	98
159	3975	0.254	3	18
159	3975	0.254	2	0
160	4000	0.258	5	98
160	4000	0.258	3	18
160	4000	0.258	2	0
161	4025	0.259	5	98
161	4025	0.259	3	18
161	4025	0.259	2	0
162	4050	0.261	5	98
162	4050	0.261	3	18
162	4050	0.261	2	0
163	4075	0.262	5	98
163	4075	0.262	3	18
163	4075	0.262	2	0
164	4100	0.263	5	98
164	4100	0.263	3	18
164	4100	0.263	2	0
165	4125	0.264	5	98
165	4125	0.264	3	18
165	4125	0.264	2	0
166	4150	0.265	5	98
166	4150	0.265	3	18
166	4150	0.265	2	0
167	4175	0.266	5	98
167	4175	0.266	3	18
167	4175	0.266	2	0
168	4200	0.266	5	98
168	4200	0.266	3	18
168	4200	0.266	2	0
169	4225	0.268	5	98
169	4225	0.268	3	18
169	4225	0.268	2	0
170	4250	0.269	5	98
170	4250	0.269	3	18
170	4250	0.269	2	0
171	4275	0.27	5	98
171	4275	0.27	3	18
171	4275	0.27	2	0
172	4300	0.271	5	98
172	4300	0.271	3	18
172	4300	0.271	2	0
173	4325	0.271	5	98
173	4325	0.271	3	18
173	4325	0.271	2	0
174	4350	0.273	5	98
174	4350	0.273	3	18
174	4350	0.273	2	0
175	4375	0.274	5	98
175	4375	0.274	3	18
175	4375	0.274	2	0
176	4400	0.274	5	98
176	4400	0.274	3	18
176	4400	0.274	2	0
177	4425	0.275	5	98
177	4425	0.275	3	18
177	4425	0.275	2	0
178	4450	0.276	5	98
178	4450	0.276	3	18
178	4450	0.276	2	0
179	4475	0.277	5	98
179	4475	0.277	3	18
179	4475	0.277	2	0
180	4500	0.279	5	98
180	4500	0.279	3	18
180	4500	0.279	2	0
181	4525	0.28	5	98
181	4525	0.28	3	18
181	4525	0.28	2	0
182	4550	0.281	5	98
182	4550	0.281	3	18
182	4550	0.281	2	0
183	4575	0.282	5	98
183	4575	0.282	3	18
183	4575	0.282	2	0
184	4600	0.282	5	98
184	4600	0.282	3	18
184	4600	0.282	2	0
185	4625	0.283	5	98
185	4625	0.283	3	18
185	4625	0.283	2	0
186	4650	0.284	5	98
186	4650	0.284	3	18
186	4650	0.284	2	0
187	4675	0.285	5	98
187	4675	0.285	3	18
187	4675	0.285	2	0
188	4700	0.286	5	98
188	4700	0.286	3	18
188	4700	0.286	2	0
189	4725	0.287	5	98
189	4725	0.287	3	18
189	4725	0.287	2	0
190	4750	0.287	5	98
190	4750	0.287	3	18
190	4750	0.287	2	0
191	4775	0.288	5	98
191	4775	0.288	3	18
191	4775	0.288	2	0
192	4800	0.289	5	98
192	4800	0.289	3	18
192	4800	0.289	2	0
193	4825	0.29	5	98
193	4825	0.29	3	18
193	4825	0.29	2	0
194	4850	0.291	5	98
194	4850	0.291	3	18
194	4850	0.291	2	0
195	4875	0.292	5	98
195	4875	0.292	3	18
195	4875	0.292	2	0
196	4900	0.293	5	98
196	4900	0.293	3	18
196	4900	0.293	2	0
197	4925	0.294	5	98
197	4925	0.294	3	18
197	4925	0.294	2	0
198	4950	0.295	5	98
198	4950	0.295	3	18
198	4950	0.295	2	0
199	4975	0.295	5	98
199	4975	0.295	3	18
199	4975	0.295	2	0
200	5000	0.296	5	98
200	5000	0.296	3	18
200	5000	0.296	2	0
201	5025	0.297	5	98
201	5025	0.297	3	18
201	5025	0.297	2	0
202	5050	0.298	5	98
202	5050	0.298	3	18
202	5050	0.298	2	0
203	5075	0.299	5	98
203	5075	0.299	3	18
203	5075	0.299	2	0
204	5100	0.3	5	98
204	5100	0.3	3	18
204	5100	0.3	2	0
205	5125	0.3	5	98
205	5125	0.3	3	18
205	5125	0.3	2	0
206	5150	0.301	5	98
206	5150	0.301	3	18
206	5150	0.301	2	0
207	5175	0.302	5	98
207	5175	0.302	3	18
207	5175	0.302	2	0
208	5200	0.303	5	98
208	5200	0.303	3	18
208	5200	0.303	2	0
209	5225	0.304	5	98
209	5225	0.304	3	18
209	5225	0.304	2	0
210	5250	0.305	5	98
210	5250	0.305	3	18
210	5250	0.305	2	0
211	5275	0.305	5	98
211	5275	0.305	3	18
211	5275	0.305	2	0
212	5300	0.306	5	98
212	5300	0.306	3	18
212	5300	0.306	2	0
213	5325	0.307	5	98
213	5325	0.307	3	18
213	5325	0.307	2	0
214	5350	0.308	5	98
214	5350	0.308	3	18
214	5350	0.308	2	0
215	5375	0.308	5	98
215	5375	0.308	3	18
215	5375	0.308	2	0
216	5400	0.309	5	98
216	5400	0.309	3	18
216	5400	0.309	2	0
217	5425	0.31	5	98
217	5425	0.31	3	18
217	5425	0.31	2	0
218	5450	0.311	5	98
218	5450	0.311	3	18
218	5450	0.311	2	0
219	5475	0.312	5	98
219	5475	0.312	3	18
219	5475	0.312	2	0
220	5500	0.313	5	98
220	5500	0.313	3	18
220	5500	0.313	2	0
221	5525	0.314	5	98
221	5525	0.314	3	18
221	5525	0.314	2	0
222	5550	0.315	5	98
222	5550	0.315	3	18
222	5550	0.315	2	0
223	5575	0.316	5	98
223	5575	0.316	3	18
223	5575	0.316	2	0
224	5600	0.317	5	98
224	5600	0.317	3	18
224	5600	0.317	2	0
225	5625	0.318	5	98
225	5625	0.318	3	18
225	5625	0.318	2	0
226	5650	0.318	5	98
226	5650	0.318	3	18
226	5650	0.318	2	0
227	5675	0.319	5	98
227	5675	0.319	3	18
227	5675	0.319	2	0
228	5700	0.32	5	98
228	5700	0.32	3	18
228	5700	0.32	2	0
229	5725	0.321	5	98
229	5725	0.321	3	18
229	5725	0.321	2	0
230	5750	0.321	5	98
230	5750	0.321	3	18
230	5750	0.321	2	0
231	5775	0.322	5	98
231	5775	0.322	3	18
231	5775	0.322	2	0
232	5800	0.323	5	98
232	5800	0.323	3	18
232	5800	0.323	2	0
233	5825	0.324	5	98
233	5825	0.324	3	18
233	5825	0.324	2	0
234	5850	0.325	5	98
234	5850	0.325	3	18
234	5850	0.325	2	0
235	5875	0.327	5	98
235	5875	0.327	3	18
235	5875	0.327	2	0
236	5900	0.328	5	98
236	5900	0.328	3	18
236	5900	0.328	2	0
237	5925	0.329	5	98
237	5925	0.329	3	18
237	5925	0.329	2	0
238	5950	0.329	5	98
238	5950	0.329	3	18
238	5950	0.329	2	0
239	5975	0.33	5	98
239	5975	0.33	3	18
239	5975	0.33	2	0
240	6000	0.331	5	98
240	6000	0.331	3	18
240	6000	0.331	2	0
241	6025	0.332	5	98
241	6025	0.332	3	18
241	6025	0.332	2	0
242	6050	0.333	5	98
242	6050	0.333	3	18
242	6050	0.333	2	0
243	6075	0.338	5	98
243	6075	0.338	3	18
243	6075	0.338	2	0
244	6100	0.341	5	98
244	6100	0.341	3	18
244	6100	0.341	2	0
245	6125	0.343	5	98
245	6125	0.343	3	18
245	6125	0.343	2	0
246	6150	0.347	5	98
246	6150	0.347	3	18
246	6150	0.347	2	0
247	6175	0.348	5	98
247	6175	0.348	3	18
247	6175	0.348	2	0
248	6200	0.349	5	98
248	6200	0.349	3	18
248	6200	0.349	2	0
249	6225	0.352	5	98
249	6225	0.352	3	18
249	6225	0.352	2	0
250	6250	0.353	5	98
250	6250	0.353	3	18
250	6250	0.353	2	0
251	6275	0.357	5	98
251	6275	0.357	3	18
251	6275	0.357	2	0
252	6300	0.359	5	98
252	6300	0.359	3	18
252	6300	0.359	2	0
253	6325	0.361	5	98
253	6325	0.361	3	18
253	6325	0.361	2	0
254	6350	0.362	5	98
254	6350	0.362	3	18
254	6350	0.362	2	0
255	6375	0.362	5	98
255	6375	0.362	3	18
255	6375	0.362	2	0
256	6400	0.363	5	98
256	6400	0.363	3	18
256	6400	0.363	2	0
257	6425	0.365	5	98
257	6425	0.365	3	18
257	6425	0.365	2	0
258	6450	0.365	5	98
258	6450	0.365	3	18
258	6450	0.365	2	0
259	6475	0.366	5	98
259	6475	0.366	3	18
259	6475	0.366	2	0
260	6500	0.367	5	98
260	6500	0.367	3	18
260	6500	0.367	2	0
261	6525	0.368	5	98
261	6525	0.368	3	18
261	6525	0.368	2	0
262	6550	0.368	5	98
262	6550	0.368	3	18
262	6550	0.368	2	0
263	6575	0.369	5	98
263	6575	0.369	3	18
263	6575	0.369	2	0
264	6600	0.37	5	98
264	6600	0.37	3	18
264	6600	0.37	2	0
265	6625	0.371	5	98
265	6625	0.371	3	18
265	6625	0.371	2	0
266	6650	0.373	5	98
266	6650	0.373	3	18
266	6650	0.373	2	0
267	6675	0.374	5	98
267	6675	0.374	3	18
267	6675	0.374	2	0
268	6700	0.375	5	98
268	6700	0.375	3	18
268	6700	0.375	2	0
269	6725	0.376	5	98
269	6725	0.376	3	18
269	6725	0.376	2	0
270	6750	0.378	5	98
270	6750	0.378	3	18
270	6750	0.378	2	0
271	6775	0.379	5	98
271	6775	0.379	3	18
271	6775	0.379	2	0
272	6800	0.381	5	98
272	6800	0.381	3	18
272	6800	0.381	2	0
273	6825	0.383	5	98
273	6825	0.383	3	18
273	6825	0.383	2	0
274	6850	0.384	5	98
274	6850	0.384	3	18
274	6850	0.384	2	0
275	6875	0.385	5	98
275	6875	0.385	3	18
275	6875	0.385	2	0
276	6900	0.386	5	98
276	6900	0.386	3	18
276	6900	0.386	2	0
277	6925	0.388	5	98
277	6925	0.388	3	18
277	6925	0.388	2	0
278	6950	0.388	5	98
278	6950	0.388	3	18
278	6950	0.388	2	0
279	6975	0.389	5	98
279	6975	0.389	3	18
279	6975	0.389	2	0
280	7000	0.39	5	98
280	7000	0.39	3	18
280	7000	0.39	2	0
281	7025	0.392	5	98
281	7025	0.392	3	18
281	7025	0.392	2	0
282	7050	0.393	5	98
282	7050	0.393	3	18
282	7050	0.393	2	0
283	7075	0.394	5	98
283	7075	0.394	3	18
283	7075	0.394	2	0
284	7100	0.395	5	98
284	7100	0.395	3	18
284	7100	0.395	2	0
285	7125	0.396	5	98
285	7125	0.396	3	18
285	7125	0.396	2	0
286	7150	0.397	5	98
286	7150	0.397	3	18
286	7150	0.397	2	0
287	7175	0.398	5	98
287	7175	0.398	3	18
287	7175	0.398	2	0
288	7200	0.399	5	98
288	7200	0.399	3	18
288	7200	0.399	2	0
289	7225	0.399	5	98
289	7225	0.399	3	18
289	7225	0.399	2	0
290	7250	0.4	5	98
290	7250	0.4	3	18
290	7250	0.4	2	0
291	7275	0.401	5	98
291	7275	0.401	3	18
291	7275	0.401	2	0
292	7300	0.402	5	98
292	7300	0.402	3	18
292	7300	0.402	2	0
293	7325	0.403	5	98
293	7325	0.403	3	18
293	7325	0.403	2	0
294	7350	0.404	5	98
294	7350	0.404	3	18
294	7350	0.404	2	0
295	7375	0.407	5	98
295	7375	0.407	3	18
295	7375	0.407	2	0
296	7400	0.41	5	98
296	7400	0.41	3	18
296	7400	0.41	2	0
297	7425	0.413	5	98
297	7425	0.413	3	18
297	7425	0.413	2	0
298	7450	0.416	5	98
298	7450	0.416	3	18
298	7450	0.416	2	0
299	7475	0.419	5	98
299	7475	0.419	3	18
299	7475	0.419	2	0
300	7500	0.42	5	98
300	7500	0.42	3	18
300	7500	0.42	2	0
301	7525	0.422	5	98
301	7525	0.422	3	18
301	7525	0.422	2	0
302	7550	0.424	5	98
302	7550	0.424	3	18
302	7550	0.424	2	0
303	7575	0.425	5	98
303	7575	0.425	3	18
303	7575	0.425	2	0
304	7600	0.427	5	98
304	7600	0.427	3	18
304	7600	0.427	2	0
305	7625	0.429	5	98
305	7625	0.429	3	18
305	7625	0.429	2	0
306	7650	0.431	5	98
306	7650	0.431	3	18
306	7650	0.431	2	0
307	7675	0.432	5	98
307	7675	0.432	3	18
307	7675	0.432	2	0
308	7700	0.434	5	98
308	7700	0.434	3	18
308	7700	0.434	2	0
309	7725	0.436	5	98
309	7725	0.436	3	18
309	7725	0.436	2	0
310	7750	0.437	5	98
310	7750	0.437	3	18
310	7750	0.437	2	0
311	7775	0.438	5	98
311	7775	0.438	3	18
311	7775	0.438	2	0
312	7800	0.439	5	98
312	7800	0.439	3	18
312	7800	0.439	2	0
313	7825	0.44	5	98
313	7825	0.44	3	18
313	7825	0.44	2	0
314	7850	0.441	5	98
314	7850	0.441	3	18
314	7850	0.441	2	0
315	7875	0.442	5	98
315	7875	0.442	3	18
315	7875	0.442	2	0
316	7900	0.443	5	98
316	7900	0.443	3	18
316	7900	0.443	2	0
317	7925	0.444	5	98
317	7925	0.444	3	18
317	7925	0.444	2	0
318	7950	0.445	5	98
318	7950	0.445	3	18
318	7950	0.445	2	0
319	7975	0.448	5	98
319	7975	0.448	3	18
319	7975	0.448	2	0
320	8000	0.449	5	98
320	8000	0.449	3	18
320	8000	0.449	2	0
321	8025	0.45	5	98
321	8025	0.45	3	18
321	8025	0.45	2	0
322	8050	0.452	5	98
322	8050	0.452	3	18
322	8050	0.452	2	0
323	8075	0.453	5	98
323	8075	0.453	3	18
323	8075	0.453	2	0
324	8100	0.454	5	98
324	8100	0.454	3	18
324	8100	0.454	2	0
325	8125	0.455	5	98
325	8125	0.455	3	18
325	8125	0.455	2	0
326	8150	0.456	5	98
326	8150	0.456	3	18
326	8150	0.456	2	0
327	8175	0.456	5	98
327	8175	0.456	3	18
327	8175	0.456	2	0
328	8200	0.457	5	98
328	8200	0.457	3	18
328	8200	0.457	2	0
329	8225	0.458	5	98
329	8225	0.458	3	18
329	8225	0.458	2	0
330	8250	0.459	5	98
330	8250	0.459	3	18
330	8250	0.459	2	0
331	8275	0.46	5	98
331	8275	0.46	3	18
331	8275	0.46	2	0
332	8300	0.461	5	98
332	8300	0.461	3	18
332	8300	0.461	2	0
333	8325	0.462	5	98
333	8325	0.462	3	18
333	8325	0.462	2	0
334	8350	0.463	5	98
334	8350	0.463	3	18
334	8350	0.463	2	0
335	8375	0.464	5	98
335	8375	0.464	3	18
335	8375	0.464	2	0
336	8400	0.465	5	98
336	8400	0.465	3	18
336	8400	0.465	2	0
337	8425	0.466	5	98
337	8425	0.466	3	18
337	8425	0.466	2	0
338	8450	0.468	5	98
338	8450	0.468	3	18
338	8450	0.468	2	0
339	8475	0.469	5	98
339	8475	0.469	3	18
339	8475	0.469	2	0
340	8500	0.47	5	98
340	8500	0.47	3	18
340	8500	0.47	2	0
341	8525	0.471	5	98
341	8525	0.471	3	18
341	8525	0.471	2	0
342	8550	0.473	5	98
342	8550	0.473	3	18
342	8550	0.473	2	0
343	8575	0.474	5	98
343	8575	0.474	3	18
343	8575	0.474	2	0
344	8600	0.476	5	98
344	8600	0.476	3	18
344	8600	0.476	2	0
345	8625	0.478	5	98
345	8625	0.478	3	18
345	8625	0.478	2	0
346	8650	0.479	5	98
346	8650	0.479	3	18
346	8650	0.479	2	0
347	8675	0.48	5	98
347	8675	0.48	3	18
347	8675	0.48	2	0
348	8700	0.481	5	98
348	8700	0.481	3	18
348	8700	0.481	2	0
349	8725	0.482	5	98
349	8725	0.482	3	18
349	8725	0.482	2	0
350	8750	0.483	5	98
350	8750	0.483	3	18
350	8750	0.483	2	0
351	8775	0.484	5	98
351	8775	0.484	3	18
351	8775	0.484	2	0
352	8800	0.486	5	98
352	8800	0.486	3	18
352	8800	0.486	2	0
353	8825	0.488	5	98
353	8825	0.488	3	18
353	8825	0.488	2	0
354	8850	0.49	5	98
354	8850	0.49	3	18
354	8850	0.49	2	0
355	8875	0.491	5	98
355	8875	0.491	3	18
355	8875	0.491	2	0
356	8900	0.493	5	98
356	8900	0.493	3	18
356	8900	0.493	2	0
357	8925	0.494	5	98
357	8925	0.494	3	18
357	8925	0.494	2	0
358	8950	0.496	5	98
358	8950	0.496	3	18
358	8950	0.496	2	0
359	8975	0.498	5	98
359	8975	0.498	3	18
359	8975	0.498	2	0
360	9000	0.499	5	98
360	9000	0.499	3	18
360	9000	0.499	2	0
361	9025	0.501	5	98
361	9025	0.501	3	18
361	9025	0.501	2	0
362	9050	0.504	5	98
362	9050	0.504	3	18
362	9050	0.504	2	0
363	9075	0.506	5	98
363	9075	0.506	3	18
363	9075	0.506	2	0
364	9100	0.508	5	98
364	9100	0.508	3	18
364	9100	0.508	2	0
365	9125	0.509	5	98
365	9125	0.509	3	18
365	9125	0.509	2	0
366	9150	0.511	5	98
366	9150	0.511	3	18
366	9150	0.511	2	0
367	9175	0.512	5	98
367	9175	0.512	3	18
367	9175	0.512	2	0
368	9200	0.513	5	98
368	9200	0.513	3	18
368	9200	0.513	2	0
369	9225	0.514	5	98
369	9225	0.514	3	18
369	9225	0.514	2	0
370	9250	0.515	5	98
370	9250	0.515	3	18
370	9250	0.515	2	0
371	9275	0.516	5	98
371	9275	0.516	3	18
371	9275	0.516	2	0
372	9300	0.517	5	98
372	9300	0.517	3	18
372	9300	0.517	2	0
373	9325	0.517	5	98
373	9325	0.517	3	18
373	9325	0.517	2	0
374	9350	0.518	5	98
374	9350	0.518	3	18
374	9350	0.518	2	0
375	9375	0.519	5	98
375	9375	0.519	3	18
375	9375	0.519	2	0
376	9400	0.52	5	98
376	9400	0.52	3	18
376	9400	0.52	2	0
377	9425	0.521	5	98
377	9425	0.521	3	18
377	9425	0.521	2	0
378	9450	0.522	5	98
378	9450	0.522	3	18
378	9450	0.522	2	0
379	9475	0.523	5	98
379	9475	0.523	3	18
379	9475	0.523	2	0
380	9500	0.524	5	98
380	9500	0.524	3	18
380	9500	0.524	2	0
381	9525	0.525	5	98
381	9525	0.525	3	18
381	9525	0.525	2	0
382	9550	0.526	5	98
382	9550	0.526	3	18
382	9550	0.526	2	0
383	9575	0.526	5	98
383	9575	0.526	3	18
383	9575	0.526	2	0
384	9600	0.527	5	98
384	9600	0.527	3	18
384	9600	0.527	2	0
385	9625	0.528	5	98
385	9625	0.528	3	18
385	9625	0.528	2	0
386	9650	0.529	5	98
386	9650	0.529	3	18
386	9650	0.529	2	0
387	9675	0.53	5	98
387	9675	0.53	3	18
387	9675	0.53	2	0
388	9700	0.53	5	98
388	9700	0.53	3	18
388	9700	0.53	2	0
389	9725	0.531	5	98
389	9725	0.531	3	18
389	9725	0.531	2	0
390	9750	0.532	5	98
390	9750	0.532	3	18
390	9750	0.532	2	0
391	9775	0.533	5	98
391	9775	0.533	3	18
391	9775	0.533	2	0
392	9800	0.534	5	98
392	9800	0.534	3	18
392	9800	0.534	2	0
393	9825	0.535	5	98
393	9825	0.535	3	18
393	9825	0.535	2	0
394	9850	0.535	5	98
394	9850	0.535	3	18
394	9850	0.535	2	0
395	9875	0.536	5	98
395	9875	0.536	3	18
395	9875	0.536	2	0
396	9900	0.537	5	98
396	9900	0.537	3	18
396	9900	0.537	2	0
397	9925	0.538	5	98
397	9925	0.538	3	18
397	9925	0.538	2	0
398	9950	0.539	5	98
398	9950	0.539	3	18
398	9950	0.539	2	0
399	9975	0.54	5	98
399	9975	0.54	3	18
399	9975	0.54	2	0
400	10000	0.54	5	98
400	10000	0.54	3	18
400	10000	0.54	2	0
401	10025	0.541	5	98
401	10025	0.541	3	18
401	10025	0.541	2	0
402	10050	0.542	5	98
402	10050	0.542	3	18
402	10050	0.542	2	0
403	10075	0.543	5	98
403	10075	0.543	3	18
403	10075	0.543	2	0
404	10100	0.544	5	98
404	10100	0.544	3	18
404	10100	0.544	2	0
405	10125	0.545	5	98
405	10125	0.545	3	18
405	10125	0.545	2	0
406	10150	0.547	5	98
406	10150	0.547	3	18
406	10150	0.547	2	0
407	10175	0.55	5	98
407	10175	0.55	3	18
407	10175	0.55	2	0
408	10200	0.552	5	98
408	10200	0.552	3	18
408	10200	0.552	2	0
409	10225	0.556	5	98
409	10225	0.556	3	18
409	10225	0.556	2	0
410	10250	0.558	5	98
410	10250	0.558	3	18
410	10250	0.558	2	0
411	10275	0.56	5	98
411	10275	0.56	3	18
411	10275	0.56	2	0
412	10300	0.561	5	98
412	10300	0.561	3	18
412	10300	0.561	2	0
413	10325	0.562	5	98
413	10325	0.562	3	18
413	10325	0.562	2	0
414	10350	0.564	5	98
414	10350	0.564	3	18
414	10350	0.564	2	0
415	10375	0.565	5	98
415	10375	0.565	3	18
415	10375	0.565	2	0
416	10400	0.566	5	98
416	10400	0.566	3	18
416	10400	0.566	2	0
417	10425	0.568	5	98
417	10425	0.568	3	18
417	10425	0.568	2	0
418	10450	0.569	5	98
418	10450	0.569	3	18
418	10450	0.569	2	0
419	10475	0.57	5	98
419	10475	0.57	3	18
419	10475	0.57	2	0
420	10500	0.571	5	98
420	10500	0.571	3	18
420	10500	0.571	2	0
421	10525	0.571	5	98
421	10525	0.571	3	18
421	10525	0.571	2	0
422	10550	0.574	5	98
422	10550	0.574	3	18
422	10550	0.574	2	0
423	10575	0.575	5	98
423	10575	0.575	3	18
423	10575	0.575	2	0
424	10600	0.576	5	98
424	10600	0.576	3	18
424	10600	0.576	2	0
425	10625	0.577	5	98
425	10625	0.577	3	18
425	10625	0.577	2	0
426	10650	0.579	5	98
426	10650	0.579	3	18
426	10650	0.579	2	0
427	10675	0.58	5	98
427	10675	0.58	3	18
427	10675	0.58	2	0
428	10700	0.581	5	98
428	10700	0.581	3	18
428	10700	0.581	2	0
429	10725	0.582	5	98
429	10725	0.582	3	18
429	10725	0.582	2	0
430	10750	0.583	5	98
430	10750	0.583	3	18
430	10750	0.583	2	0
431	10775	0.584	5	98
431	10775	0.584	3	18
431	10775	0.584	2	0
432	10800	0.585	5	98
432	10800	0.585	3	18
432	10800	0.585	2	0
433	10825	0.586	5	98
433	10825	0.586	3	18
433	10825	0.586	2	0
434	10850	0.591	5	98
434	10850	0.591	3	18
434	10850	0.591	2	0
435	10875	0.592	5	98
435	10875	0.592	3	18
435	10875	0.592	2	0
436	10900	0.593	5	98
436	10900	0.593	3	18
436	10900	0.593	2	0
437	10925	0.595	5	98
437	10925	0.595	3	18
437	10925	0.595	2	0
438	10950	0.597	5	98
438	10950	0.597	3	18
438	10950	0.597	2	0
439	10975	0.6	5	98
439	10975	0.6	3	18
439	10975	0.6	2	0
440	11000	0.601	5	98
440	11000	0.601	3	18
440	11000	0.601	2	0
441	11025	0.603	5	98
441	11025	0.603	3	18
441	11025	0.603	2	0
442	11050	0.604	5	98
442	11050	0.604	3	18
442	11050	0.604	2	0
443	11075	0.606	5	98
443	11075	0.606	3	18
443	11075	0.606	2	0
444	11100	0.607	5	98
444	11100	0.607	3	18
444	11100	0.607	2	0
445	11125	0.608	5	98
445	11125	0.608	3	18
445	11125	0.608	2	0
446	11150	0.61	5	98
446	11150	0.61	3	18
446	11150	0.61	2	0
447	11175	0.611	5	98
447	11175	0.611	3	18
447	11175	0.611	2	0
448	11200	0.611	5	98
448	11200	0.611	3	18
448	11200	0.611	2	0
449	11225	0.612	5	98
449	11225	0.612	3	18
449	11225	0.612	2	0
450	11250	0.613	5	98
450	11250	0.613	3	18
450	11250	0.613	2	0
451	11275	0.614	5	98
451	11275	0.614	3	18
451	11275	0.614	2	0
452	11300	0.615	5	98
452	11300	0.615	3	18
452	11300	0.615	2	0
453	11325	0.615	5	98
453	11325	0.615	3	18
453	11325	0.615	2	0
454	11350	0.616	5	98
454	11350	0.616	3	18
454	11350	0.616	2	0
455	11375	0.617	5	98
455	11375	0.617	3	18
455	11375	0.617	2	0
456	11400	0.618	5	98
456	11400	0.618	3	18
456	11400	0.618	2	0
457	11425	0.618	5	98
457	11425	0.618	3	18
457	11425	0.618	2	0
458	11450	0.619	5	98
458	11450	0.619	3	18
458	11450	0.619	2	0
459	11475	0.62	5	98
459	11475	0.62	3	18
459	11475	0.62	2	0
460	11500	0.621	5	98
460	11500	0.621	3	18
460	11500	0.621	2	0
461	11525	0.622	5	98
461	11525	0.622	3	18
461	11525	0.622	2	0
462	11550	0.622	5	98
462	11550	0.622	3	18
462	11550	0.622	2	0
463	11575	0.623	5	98
463	11575	0.623	3	18
463	11575	0.623	2	0
464	11600	0.624	5	98
464	11600	0.624	3	18
464	11600	0.624	2	0
465	11625	0.625	5	98
465	11625	0.625	3	18
465	11625	0.625	2	0
466	11650	0.626	5	98
466	11650	0.626	3	18
466	11650	0.626	2	0
467	11675	0.627	5	98
467	11675	0.627	3	18
467	11675	0.627	2	0
468	11700	0.627	5	98
468	11700	0.627	3	18
468	11700	0.627	2	0
469	11725	0.628	5	98
469	11725	0.628	3	18
469	11725	0.628	2	0
470	11750	0.631	5	98
470	11750	0.631	3	18
470	11750	0.631	2	0
471	11775	0.633	5	98
471	11775	0.633	3	18
471	11775	0.633	2	0
472	11800	0.635	5	98
472	11800	0.635	3	18
472	11800	0.635	2	0
473	11825	0.636	5	98
473	11825	0.636	3	18
473	11825	0.636	2	0
474	11850	0.639	5	98
474	11850	0.639	3	18
474	11850	0.639	2	0
475	11875	0.641	5	98
475	11875	0.641	3	18
475	11875	0.641	2	0
476	11900	0.643	5	98
476	11900	0.643	3	18
476	11900	0.643	2	0
477	11925	0.644	5	98
477	11925	0.644	3	18
477	11925	0.644	2	0
478	11950	0.646	5	98
478	11950	0.646	3	18
478	11950	0.646	2	0
479	11975	0.648	5	98
479	11975	0.648	3	18
479	11975	0.648	2	0
480	12000	0.649	5	98
480	12000	0.649	3	18
480	12000	0.649	2	0
481	12025	0.651	5	98
481	12025	0.651	3	18
481	12025	0.651	2	0
482	12050	0.652	5	98
482	12050	0.652	3	18
482	12050	0.652	2	0
483	12075	0.653	5	98
483	12075	0.653	3	18
483	12075	0.653	2	0
484	12100	0.654	5	98
484	12100	0.654	3	18
484	12100	0.654	2	0
485	12125	0.655	5	98
485	12125	0.655	3	18
485	12125	0.655	2	0
486	12150	0.656	5	98
486	12150	0.656	3	18
486	12150	0.656	2	0
487	12175	0.657	5	98
487	12175	0.657	3	18
487	12175	0.657	2	0
488	12200	0.658	5	98
488	12200	0.658	3	18
488	12200	0.658	2	0
489	12225	0.658	5	98
489	12225	0.658	3	18
489	12225	0.658	2	0
490	12250	0.659	5	98
490	12250	0.659	3	18
490	12250	0.659	2	0
491	12275	0.66	5	98
491	12275	0.66	3	18
491	12275	0.66	2	0
492	12300	0.661	5	98
492	12300	0.661	3	18
492	12300	0.661	2	0
493	12325	0.662	5	98
493	12325	0.662	3	18
493	12325	0.662	2	0
494	12350	0.663	5	98
494	12350	0.663	3	18
494	12350	0.663	2	0
495	12375	0.664	5	98
495	12375	0.664	3	18
495	12375	0.664	2	0
496	12400	0.665	5	98
496	12400	0.665	3	18
496	12400	0.665	2	0
497	12425	0.666	5	98
497	12425	0.666	3	18
497	12425	0.666	2	0
498	12450	0.667	5	98
498	12450	0.667	3	18
498	12450	0.667	2	0
499	12475	0.668	5	98
499	12475	0.668	3	18
499	12475	0.668	2	0
500	12500	0.669	5	98
500	12500	0.669	3	18
500	12500	0.669	2	0
501	12525	0.67	5	98
501	12525	0.67	3	18
501	12525	0.67	2	0
502	12550	0.671	5	98
502	12550	0.671	3	18
502	12550	0.671	2	0
503	12575	0.673	5	98
503	12575	0.673	3	18
503	12575	0.673	2	0
504	12600	0.674	5	98
504	12600	0.674	3	18
504	12600	0.674	2	0
505	12625	0.677	5	98
505	12625	0.677	3	18
505	12625	0.677	2	0
506	12650	0.678	5	98
506	12650	0.678	3	18
506	12650	0.678	2	0
507	12675	0.679	5	98
507	12675	0.679	3	18
507	12675	0.679	2	0
508	12700	0.682	5	98
508	12700	0.682	3	18
508	12700	0.682	2	0
509	12725	0.686	5	98
509	12725	0.686	3	18
509	12725	0.686	2	0
510	12750	0.71	5	98
510	12750	0.71	3	18
510	12750	0.71	2	0
511	12775	0.712	5	98
511	12775	0.712	3	18
511	12775	0.712	2	0
512	12800	0.713	5	98
512	12800	0.713	3	18
512	12800	0.713	2	0
513	12825	0.716	5	98
513	12825	0.716	3	18
513	12825	0.716	2	0
514	12850	0.718	5	98
514	12850	0.718	3	18
514	12850	0.718	2	0
515	12875	0.72	5	98
515	12875	0.72	3	18
515	12875	0.72	2	0
516	12900	0.722	5	98
516	12900	0.722	3	18
516	12900	0.722	2	0
517	12925	0.724	5	98
517	12925	0.724	3	18
517	12925	0.724	2	0
518	12950	0.725	5	98
518	12950	0.725	3	18
518	12950	0.725	2	0
519	12975	0.727	5	98
519	12975	0.727	3	18
519	12975	0.727	2	0
520	13000	0.728	5	98
520	13000	0.728	3	18
520	13000	0.728	2	0
521	13025	0.73	5	98
521	13025	0.73	3	18
521	13025	0.73	2	0
522	13050	0.731	5	98
522	13050	0.731	3	18
522	13050	0.731	2	0
523	13075	0.732	5	98
523	13075	0.732	3	18
523	13075	0.732	2	0
524	13100	0.733	5	98
524	13100	0.733	3	18
524	13100	0.733	2	0
525	13125	0.734	5	98
525	13125	0.734	3	18
525	13125	0.734	2	0
526	13150	0.735	5	98
526	13150	0.735	3	18
526	13150	0.735	2	0
527	13175	0.736	5	98
527	13175	0.736	3	18
527	13175	0.736	2	0
528	13200	0.736	5	98
528	13200	0.736	3	18
528	13200	0.736	2	0
529	13225	0.737	5	98
529	13225	0.737	3	18
529	13225	0.737	2	0
530	13250	0.738	5	98
530	13250	0.738	3	18
530	13250	0.738	2	0
531	13275	0.739	5	98
531	13275	0.739	3	18
531	13275	0.739	2	0
532	13300	0.74	5	98
532	13300	0.74	3	18
532	13300	0.74	2	0
533	13325	0.74	5	98
533	13325	0.74	3	18
533	13325	0.74	2	0
534	13350	0.742	5	98
534	13350	0.742	3	18
534	13350	0.742	2	0
535	13375	0.744	5	98
535	13375	0.744	3	18
535	13375	0.744	2	0
536	13400	0.746	5	98
536	13400	0.746	3	18
536	13400	0.746	2	0
537	13425	0.748	5	98
537	13425	0.748	3	18
537	13425	0.748	2	0
538	13450	0.751	5	98
538	13450	0.751	3	18
538	13450	0.751	2	0
539	13475	0.753	5	98
539	13475	0.753	3	18
539	13475	0.753	2	0
540	13500	0.755	5	98
540	13500	0.755	3	18
540	13500	0.755	2	0
541	13525	0.756	5	98
541	13525	0.756	3	18
541	13525	0.756	2	0
542	13550	0.758	5	98
542	13550	0.758	3	18
542	13550	0.758	2	0
543	13575	0.759	5	98
543	13575	0.759	3	18
543	13575	0.759	2	0
544	13600	0.76	5	98
544	13600	0.76	3	18
544	13600	0.76	2	0
545	13625	0.762	5	98
545	13625	0.762	3	18
545	13625	0.762	2	0
546	13650	0.763	5	98
546	13650	0.763	3	18
546	13650	0.763	2	0
547	13675	0.764	5	98
547	13675	0.764	3	18
547	13675	0.764	2	0
548	13700	0.765	5	98
548	13700	0.765	3	18
548	13700	0.765	2	0
549	13725	0.767	5	98
549	13725	0.767	3	18
549	13725	0.767	2	0
550	13750	0.768	5	98
550	13750	0.768	3	18
550	13750	0.768	2	0
551	13775	0.769	5	98
551	13775	0.769	3	18
551	13775	0.769	2	0
552	13800	0.77	5	98
552	13800	0.77	3	18
552	13800	0.77	2	0
553	13825	0.772	5	98
553	13825	0.772	3	18
553	13825	0.772	2	0
554	13850	0.773	5	98
554	13850	0.773	3	18
554	13850	0.773	2	0
555	13875	0.774	5	98
555	13875	0.774	3	18
555	13875	0.774	2	0
556	13900	0.776	5	98
556	13900	0.776	3	18
556	13900	0.776	2	0
557	13925	0.777	5	98
557	13925	0.777	3	18
557	13925	0.777	2	0
558	13950	0.778	5	98
558	13950	0.778	3	18
558	13950	0.778	2	0
559	13975	0.779	5	98
559	13975	0.779	3	18
559	13975	0.779	2	0
560	14000	0.78	5	98
560	14000	0.78	3	18
560	14000	0.78	2	0
561	14025	0.781	5	98
561	14025	0.781	3	18
561	14025	0.781	2	0
562	14050	0.781	5	98
562	14050	0.781	3	18
562	14050	0.781	2	0
563	14075	0.782	5	98
563	14075	0.782	3	18
563	14075	0.782	2	0
564	14100	0.783	5	98
564	14100	0.783	3	18
564	14100	0.783	2	0
565	14125	0.784	5	98
565	14125	0.784	3	18
565	14125	0.784	2	0
566	14150	0.785	5	98
566	14150	0.785	3	18
566	14150	0.785	2	0
567	14175	0.785	5	98
567	14175	0.785	3	18
567	14175	0.785	2	0
568	14200	0.786	5	98
568	14200	0.786	3	18
568	14200	0.786	2	0
569	14225	0.787	5	98
569	14225	0.787	3	18
569	14225	0.787	2	0
570	14250	0.788	5	98
570	14250	0.788	3	18
570	14250	0.788	2	0
571	14275	0.789	5	98
571	14275	0.789	3	18
571	14275	0.789	2	0
572	14300	0.79	5	98
572	14300	0.79	3	18
572	14300	0.79	2	0
573	14325	0.791	5	98
573	14325	0.791	3	18
573	14325	0.791	2	0
574	14350	0.792	5	98
574	14350	0.792	3	18
574	14350	0.792	2	0
575	14375	0.793	5	98
575	14375	0.793	3	18
575	14375	0.793	2	0
576	14400	0.796	5	98
576	14400	0.796	3	18
576	14400	0.796	2	0
577	14425	0.8	5	98
577	14425	0.8	3	18
577	14425	0.8	2	0
578	14450	0.801	5	98
578	14450	0.801	3	18
578	14450	0.801	2	0
579	14475	0.801	5	98
579	14475	0.801	3	18
579	14475	0.801	2	0
580	14500	0.802	5	98
580	14500	0.802	3	18
580	14500	0.802	2	0
581	14525	0.803	5	98
581	14525	0.803	3	18
581	14525	0.803	2	0
582	14550	0.804	5	98
582	14550	0.804	3	18
582	14550	0.804	2	0
583	14575	0.805	5	98
583	14575	0.805	3	18
583	14575	0.805	2	0
584	14600	0.806	5	98
584	14600	0.806	3	18
584	14600	0.806	2	0
585	14625	0.806	5	98
585	14625	0.806	3	18
585	14625	0.806	2	0
586	14650	0.807	5	98
586	14650	0.807	3	18
586	14650	0.807	2	0
587	14675	0.808	5	98
587	14675	0.808	3	18
587	14675	0.808	2	0
588	14700	0.809	5	98
588	14700	0.809	3	18
588	14700	0.809	2	0
589	14725	0.81	5	98
589	14725	0.81	3	18
589	14725	0.81	2	0
590	14750	0.81	5	98
590	14750	0.81	3	18
590	14750	0.81	2	0
591	14775	0.811	5	98
591	14775	0.811	3	18
591	14775	0.811	2	0
592	14800	0.813	5	98
592	14800	0.813	3	18
592	14800	0.813	2	0
593	14825	0.86	5	98
593	14825	0.86	3	18
593	14825	0.86	2	0
594	14850	0.862	5	98
594	14850	0.862	3	18
594	14850	0.862	2	0
595	14875	0.864	5	98
595	14875	0.864	3	18
595	14875	0.864	2	0
596	14900	0.867	5	98
596	14900	0.867	3	18
596	14900	0.867	2	0
597	14925	0.869	5	98
597	14925	0.869	3	18
597	14925	0.869	2	0
598	14950	0.872	5	98
598	14950	0.872	3	18
598	14950	0.872	2	0
599	14975	0.874	5	98
599	14975	0.874	3	18
599	14975	0.874	2	0
600	15000	0.876	5	98
600	15000	0.876	3	18
600	15000	0.876	2	0
601	15025	0.878	5	98
601	15025	0.878	3	18
601	15025	0.878	2	0
602	15050	0.879	5	98
602	15050	0.879	3	18
602	15050	0.879	2	0
603	15075	0.881	5	98
603	15075	0.881	3	18
603	15075	0.881	2	0
604	15100	0.883	5	98
604	15100	0.883	3	18
604	15100	0.883	2	0
605	15125	0.884	5	98
605	15125	0.884	3	18
605	15125	0.884	2	0
606	15150	0.885	5	98
606	15150	0.885	3	18
606	15150	0.885	2	0
607	15175	0.886	5	98
607	15175	0.886	3	18
607	15175	0.886	2	0
608	15200	0.887	5	98
608	15200	0.887	3	18
608	15200	0.887	2	0
609	15225	0.888	5	98
609	15225	0.888	3	18
609	15225	0.888	2	0
610	15250	0.889	5	98
610	15250	0.889	3	18
610	15250	0.889	2	0
611	15275	0.89	5	98
611	15275	0.89	3	18
611	15275	0.89	2	0
612	15300	0.891	5	98
612	15300	0.891	3	18
612	15300	0.891	2	0
613	15325	0.892	5	98
613	15325	0.892	3	18
613	15325	0.892	2	0
614	15350	0.893	5	98
614	15350	0.893	3	18
614	15350	0.893	2	0
615	15375	0.894	5	98
615	15375	0.894	3	18
615	15375	0.894	2	0
616	15400	0.895	5	98
616	15400	0.895	3	18
616	15400	0.895	2	0
617	15425	0.896	5	98
617	15425	0.896	3	18
617	15425	0.896	2	0
618	15450	0.896	5	98
618	15450	0.896	3	18
618	15450	0.896	2	0
619	15475	0.897	5	98
619	15475	0.897	3	18
619	15475	0.897	2	0
620	15500	0.898	5	98
620	15500	0.898	3	18
620	15500	0.898	2	0
621	15525	0.9	5	98
621	15525	0.9	3	18
621	15525	0.9	2	0
622	15550	0.902	5	98
622	15550	0.902	3	18
622	15550	0.902	2	0
623	15575	0.905	5	98
623	15575	0.905	3	18
623	15575	0.905	2	0
624	15600	0.907	5	98
624	15600	0.907	3	18
624	15600	0.907	2	0
625	15625	0.91	5	98
625	15625	0.91	3	18
625	15625	0.91	2	0
626	15650	0.912	5	98
626	15650	0.912	3	18
626	15650	0.912	2	0
627	15675	0.914	5	98
627	15675	0.914	3	18
627	15675	0.914	2	0
628	15700	0.916	5	98
628	15700	0.916	3	18
628	15700	0.916	2	0
629	15725	0.919	5	98
629	15725	0.919	3	18
629	15725	0.919	2	0
630	15750	0.921	5	98
630	15750	0.921	3	18
630	15750	0.921	2	0
631	15775	0.924	5	98
631	15775	0.924	3	18
631	15775	0.924	2	0
632	15800	0.926	5	98
632	15800	0.926	3	18
632	15800	0.926	2	0
633	15825	0.927	5	98
633	15825	0.927	3	18
633	15825	0.927	2	0
634	15850	0.929	5	98
634	15850	0.929	3	18
634	15850	0.929	2	0
635	15875	0.93	5	98
635	15875	0.93	3	18
635	15875	0.93	2	0
636	15900	0.932	5	98
636	15900	0.932	3	18
636	15900	0.932	2	0
637	15925	0.933	5	98
637	15925	0.933	3	18
637	15925	0.933	2	0
638	15950	0.934	5	98
638	15950	0.934	3	18
638	15950	0.934	2	0
639	15975	0.935	5	98
639	15975	0.935	3	18
639	15975	0.935	2	0
640	16000	0.936	5	98
640	16000	0.936	3	18
640	16000	0.936	2	0
641	16025	0.937	5	98
641	16025	0.937	3	18
641	16025	0.937	2	0
642	16050	0.938	5	98
642	16050	0.938	3	18
642	16050	0.938	2	0
643	16075	0.94	5	98
643	16075	0.94	3	18
643	16075	0.94	2	0
644	16100	0.943	5	98
644	16100	0.943	3	18
644	16100	0.943	2	0
645	16125	0.945	5	98
645	16125	0.945	3	18
645	16125	0.945	2	0
646	16150	0.946	5	98
646	16150	0.946	3	18
646	16150	0.946	2	0
647	16175	0.948	5	98
647	16175	0.948	3	18
647	16175	0.948	2	0
648	16200	0.95	5	98
648	16200	0.95	3	18
648	16200	0.95	2	0
649	16225	0.951	5	98
649	16225	0.951	3	18
649	16225	0.951	2	0
650	16250	0.954	5	98
650	16250	0.954	3	18
650	16250	0.954	2	0
651	16275	0.955	5	98
651	16275	0.955	3	18
651	16275	0.955	2	0
652	16300	0.956	5	98
652	16300	0.956	3	18
652	16300	0.956	2	0
653	16325	0.957	5	98
653	16325	0.957	3	18
653	16325	0.957	2	0
654	16350	0.958	5	98
654	16350	0.958	3	18
654	16350	0.958	2	0
655	16375	0.959	5	98
655	16375	0.959	3	18
655	16375	0.959	2	0
656	16400	0.959	5	98
656	16400	0.959	3	18
656	16400	0.959	2	0
657	16425	0.96	5	98
657	16425	0.96	3	18
657	16425	0.96	2	0
658	16450	0.961	5	98
658	16450	0.961	3	18
658	16450	0.961	2	0
659	16475	0.962	5	98
659	16475	0.962	3	18
659	16475	0.962	2	0
660	16500	0.963	5	98
660	16500	0.963	3	18
660	16500	0.963	2	0
661	16525	0.964	5	98
661	16525	0.964	3	18
661	16525	0.964	2	0
662	16550	0.965	5	98
662	16550	0.965	3	18
662	16550	0.965	2	0
663	16575	0.966	5	98
663	16575	0.966	3	18
663	16575	0.966	2	0
664	16600	0.966	5	98
664	16600	0.966	3	18
664	16600	0.966	2	0
665	16625	0.967	5	98
665	16625	0.967	3	18
665	16625	0.967	2	0
666	16650	0.968	5	98
666	16650	0.968	3	18
666	16650	0.968	2	0
667	16675	0.969	5	98
667	16675	0.969	3	18
667	16675	0.969	2	0
668	16700	0.97	5	98
668	16700	0.97	3	18
668	16700	0.97	2	0
669	16725	0.97	5	98
669	16725	0.97	3	18
669	16725	0.97	2	0
670	16750	0.971	5	98
670	16750	0.971	3	18
670	16750	0.971	2	0
671	16775	0.972	5	98
671	16775	0.972	3	18
671	16775	0.972	2	0
672	16800	0.973	5	98
672	16800	0.973	3	18
672	16800	0.973	2	0
673	16825	0.974	5	98
673	16825	0.974	3	18
673	16825	0.974	2	0
674	16850	0.974	5	98
674	16850	0.974	3	18
674	16850	0.974	2	0
675	16875	0.976	5	98
675	16875	0.976	3	18
675	16875	0.976	2	0
676	16900	0.977	5	98
676	16900	0.977	3	18
676	16900	0.977	2	0
677	16925	0.978	5	98
677	16925	0.978	3	18
677	16925	0.978	2	0
678	16950	0.979	5	98
678	16950	0.979	3	18
678	16950	0.979	2	0
679	16975	0.98	5	98
679	16975	0.98	3	18
679	16975	0.98	2	0
680	17000	0.981	5	98
680	17000	0.981	3	18
680	17000	0.981	2	0
681	17025	0.981	5	98
681	17025	0.981	3	18
681	17025	0.981	2	0
682	17050	0.982	5	98
682	17050	0.982	3	18
682	17050	0.982	2	0
683	17075	0.983	5	98
683	17075	0.983	3	18
683	17075	0.983	2	0
684	17100	0.984	5	98
684	17100	0.984	3	18
684	17100	0.984	2	0
685	17125	0.985	5	98
685	17125	0.985	3	18
685	17125	0.985	2	0
686	17150	0.986	5	98
686	17150	0.986	3	18
686	17150	0.986	2	0
687	17175	0.986	5	98
687	17175	0.986	3	18
687	17175	0.986	2	0
688	17200	0.989	5	98
688	17200	0.989	3	18
688	17200	0.989	2	0
689	17225	0.989	5	98
689	17225	0.989	3	18
689	17225	0.989	2	0
690	17250	0.99	5	98
690	17250	0.99	3	18
690	17250	0.99	2	0
691	17275	0.991	5	98
691	17275	0.991	3	18
691	17275	0.991	2	0
692	17300	0.992	5	98
692	17300	0.992	3	18
692	17300	0.992	2	0
693	17325	0.993	5	98
693	17325	0.993	3	18
693	17325	0.993	2	0
694	17350	0.993	5	98
694	17350	0.993	3	18
694	17350	0.993	2	0
695	17375	0.996	5	98
695	17375	0.996	3	18
695	17375	0.996	2	0
696	17400	0.997	5	98
696	17400	0.997	3	18
696	17400	0.997	2	0
697	17425	0.998	5	98
697	17425	0.998	3	18
697	17425	0.998	2	0
698	17450	0.998	5	98
698	17450	0.998	3	18
698	17450	0.998	2	0
699	17475	0.999	5	98
699	17475	0.999	3	18
699	17475	0.999	2	0
700	17500	1.0	5	98
700	17500	1.0	3	18
700	17500	1.0	2	0
701	17525	1.001	5	98
701	17525	1.001	3	18
701	17525	1.001	2	0
702	17550	1.002	5	98
702	17550	1.002	3	18
702	17550	1.002	2	0
703	17575	1.004	5	98
703	17575	1.004	3	18
703	17575	1.004	2	0
704	17600	1.005	5	98
704	17600	1.005	3	18
704	17600	1.005	2	0
705	17625	1.006	5	98
705	17625	1.006	3	18
705	17625	1.006	2	0
706	17650	1.007	5	98
706	17650	1.007	3	18
706	17650	1.007	2	0
707	17675	1.009	5	98
707	17675	1.009	3	18
707	17675	1.009	2	0
708	17700	1.011	5	98
708	17700	1.011	3	18
708	17700	1.011	2	0
709	17725	1.013	5	98
709	17725	1.013	3	18
709	17725	1.013	2	0
710	17750	1.014	5	98
710	17750	1.014	3	18
710	17750	1.014	2	0
711	17775	1.016	5	98
711	17775	1.016	3	18
711	17775	1.016	2	0
712	17800	1.018	5	98
712	17800	1.018	3	18
712	17800	1.018	2	0
713	17825	1.018	5	98
713	17825	1.018	3	18
713	17825	1.018	2	0
714	17850	1.019	5	98
714	17850	1.019	3	18
714	17850	1.019	2	0
715	17875	1.02	5	98
715	17875	1.02	3	18
715	17875	1.02	2	0
716	17900	1.021	5	98
716	17900	1.021	3	18
716	17900	1.021	2	0
717	17925	1.022	5	98
717	17925	1.022	3	18
717	17925	1.022	2	0
718	17950	1.023	5	98
718	17950	1.023	3	18
718	17950	1.023	2	0
719	17975	1.025	5	98
719	17975	1.025	3	18
719	17975	1.025	2	0
720	18000	1.027	5	98
720	18000	1.027	3	18
720	18000	1.027	2	0
721	18025	1.029	5	98
721	18025	1.029	3	18
721	18025	1.029	2	0
722	18050	1.03	5	98
722	18050	1.03	3	18
722	18050	1.03	2	0
723	18075	1.032	5	98
723	18075	1.032	3	18
723	18075	1.032	2	0
724	18100	1.033	5	98
724	18100	1.033	3	18
724	18100	1.033	2	0
725	18125	1.035	5	98
725	18125	1.035	3	18
725	18125	1.035	2	0
726	18150	1.036	5	98
726	18150	1.036	3	18
726	18150	1.036	2	0
727	18175	1.038	5	98
727	18175	1.038	3	18
727	18175	1.038	2	0
728	18200	1.039	5	98
728	18200	1.039	3	18
728	18200	1.039	2	0
729	18225	1.039	5	98
729	18225	1.039	3	18
729	18225	1.039	2	0
730	18250	1.041	5	98
730	18250	1.041	3	18
730	18250	1.041	2	0
731	18275	1.043	5	98
731	18275	1.043	3	18
731	18275	1.043	2	0
732	18300	1.044	5	98
732	18300	1.044	3	18
732	18300	1.044	2	0
733	18325	1.045	5	98
733	18325	1.045	3	18
733	18325	1.045	2	0
734	18350	1.045	5	98
734	18350	1.045	3	18
734	18350	1.045	2	0
735	18375	1.046	5	98
735	18375	1.046	3	18
735	18375	1.046	2	0
736	18400	1.047	5	98
736	18400	1.047	3	18
736	18400	1.047	2	0
737	18425	1.048	5	98
737	18425	1.048	3	18
737	18425	1.048	2	0
738	18450	1.049	5	98
738	18450	1.049	3	18
738	18450	1.049	2	0
739	18475	1.049	5	98
739	18475	1.049	3	18
739	18475	1.049	2	0
740	18500	1.05	5	98
740	18500	1.05	3	18
740	18500	1.05	2	0
741	18525	1.051	5	98
741	18525	1.051	3	18
741	18525	1.051	2	0
742	18550	1.052	5	98
742	18550	1.052	3	18
742	18550	1.052	2	0
743	18575	1.053	5	98
743	18575	1.053	3	18
743	18575	1.053	2	0
744	18600	1.053	5	98
744	18600	1.053	3	18
744	18600	1.053	2	0
745	18625	1.054	5	98
745	18625	1.054	3	18
745	18625	1.054	2	0
746	18650	1.055	5	98
746	18650	1.055	3	18
746	18650	1.055	2	0
747	18675	1.056	5	98
747	18675	1.056	3	18
747	18675	1.056	2	0
748	18700	1.057	5	98
748	18700	1.057	3	18
748	18700	1.057	2	0
749	18725	1.059	5	98
749	18725	1.059	3	18
749	18725	1.059	2	0
750	18750	1.061	5	98
750	18750	1.061	3	18
750	18750	1.061	2	0
751	18775	1.063	5	98
751	18775	1.063	3	18
751	18775	1.063	2	0
752	18800	1.065	5	98
752	18800	1.065	3	18
752	18800	1.065	2	0
753	18825	1.066	5	98
753	18825	1.066	3	18
753	18825	1.066	2	0
754	18850	1.068	5	98
754	18850	1.068	3	18
754	18850	1.068	2	0
755	18875	1.069	5	98
755	18875	1.069	3	18
755	18875	1.069	2	0
756	18900	1.072	5	98
756	18900	1.072	3	18
756	18900	1.072	2	0
757	18925	1.074	5	98
757	18925	1.074	3	18
757	18925	1.074	2	0
758	18950	1.075	5	98
758	18950	1.075	3	18
758	18950	1.075	2	0
759	18975	1.078	5	98
759	18975	1.078	3	18
759	18975	1.078	2	0
760	19000	1.079	5	98
760	19000	1.079	3	18
760	19000	1.079	2	0
761	19025	1.08	5	98
761	19025	1.08	3	18
761	19025	1.08	2	0
762	19050	1.082	5	98
762	19050	1.082	3	18
762	19050	1.082	2	0
763	19075	1.083	5	98
763	19075	1.083	3	18
763	19075	1.083	2	0
764	19100	1.084	5	98
764	19100	1.084	3	18
764	19100	1.084	2	0
765	19125	1.084	5	98
765	19125	1.084	3	18
765	19125	1.084	2	0
766	19150	1.086	5	98
766	19150	1.086	3	18
766	19150	1.086	2	0
767	19175	1.087	5	98
767	19175	1.087	3	18
767	19175	1.087	2	0
768	19200	1.087	5	98
768	19200	1.087	3	18
768	19200	1.087	2	0
769	19225	1.089	5	98
769	19225	1.089	3	18
769	19225	1.089	2	0
770	19250	1.09	5	98
770	19250	1.09	3	18
770	19250	1.09	2	0
771	19275	1.09	5	98
771	19275	1.09	3	18
771	19275	1.09	2	0
772	19300	1.091	5	98
772	19300	1.091	3	18
772	19300	1.091	2	0
773	19325	1.092	5	98
773	19325	1.092	3	18
773	19325	1.092	2	0
774	19350	1.093	5	98
774	19350	1.093	3	18
774	19350	1.093	2	0
775	19375	1.094	5	98
775	19375	1.094	3	18
775	19375	1.094	2	0
776	19400	1.094	5	98
776	19400	1.094	3	18
776	19400	1.094	2	0
777	19425	1.095	5	98
777	19425	1.095	3	18
777	19425	1.095	2	0
778	19450	1.096	5	98
778	19450	1.096	3	18
778	19450	1.096	2	0
779	19475	1.097	5	98
779	19475	1.097	3	18
779	19475	1.097	2	0
780	19500	1.098	5	98
780	19500	1.098	3	18
780	19500	1.098	2	0
781	19525	1.098	5	98
781	19525	1.098	3	18
781	19525	1.098	2	0
782	19550	1.1	5	98
782	19550	1.1	3	18
782	19550	1.1	2	0
783	19575	1.1	5	98
783	19575	1.1	3	18
783	19575	1.1	2	0
784	19600	1.101	5	98
784	19600	1.101	3	18
784	19600	1.101	2	0
785	19625	1.102	5	98
785	19625	1.102	3	18
785	19625	1.102	2	0
786	19650	1.103	5	98
786	19650	1.103	3	18
786	19650	1.103	2	0
787	19675	1.103	5	98
787	19675	1.103	3	18
787	19675	1.103	2	0
788	19700	1.104	5	98
788	19700	1.104	3	18
788	19700	1.104	2	0
789	19725	1.105	5	98
789	19725	1.105	3	18
789	19725	1.105	2	0
790	19750	1.106	5	98
790	19750	1.106	3	18
790	19750	1.106	2	0
791	19775	1.108	5	98
791	19775	1.108	3	18
791	19775	1.108	2	0
792	19800	1.108	5	98
792	19800	1.108	3	18
792	19800	1.108	2	0
793	19825	1.109	5	98
793	19825	1.109	3	18
793	19825	1.109	2	0
794	19850	1.11	5	98
794	19850	1.11	3	18
794	19850	1.11	2	0
795	19875	1.111	5	98
795	19875	1.111	3	18
795	19875	1.111	2	0
796	19900	1.112	5	98
796	19900	1.112	3	18
796	19900	1.112	2	0
797	19925	1.113	5	98
797	19925	1.113	3	18
797	19925	1.113	2	0
798	19950	1.114	5	98
798	19950	1.114	3	18
798	19950	1.114	2	0
799	19975	1.115	5	98
799	19975	1.115	3	18
799	19975	1.115	2	0
800	20000	1.116	5	98
800	20000	1.116	3	18
800	20000	1.116	2	0
801	20025	1.117	5	98
801	20025	1.117	3	18
801	20025	1.117	2	0
802	20050	1.118	5	98
802	20050	1.118	3	18
802	20050	1.118	2	0
803	20075	1.119	5	98
803	20075	1.119	3	18
803	20075	1.119	2	0
804	20100	1.121	5	98
804	20100	1.121	3	18
804	20100	1.121	2	0
805	20125	1.122	5	98
805	20125	1.122	3	18
805	20125	1.122	2	0
806	20150	1.123	5	98
806	20150	1.123	3	18
806	20150	1.123	2	0
807	20175	1.124	5	98
807	20175	1.124	3	18
807	20175	1.124	2	0
808	20200	1.125	5	98
808	20200	1.125	3	18
808	20200	1.125	2	0
809	20225	1.126	5	98
809	20225	1.126	3	18
809	20225	1.126	2	0
810	20250	1.126	5	98
810	20250	1.126	3	18
810	20250	1.126	2	0
811	20275	1.127	5	98
811	20275	1.127	3	18
811	20275	1.127	2	0
812	20300	1.128	5	98
812	20300	1.128	3	18
812	20300	1.128	2	0
813	20325	1.129	5	98
813	20325	1.129	3	18
813	20325	1.129	2	0
814	20350	1.13	5	98
814	20350	1.13	3	18
814	20350	1.13	2	0
815	20375	1.13	5	98
815	20375	1.13	3	18
815	20375	1.13	2	0
816	20400	1.131	5	98
816	20400	1.131	3	18
816	20400	1.131	2	0
817	20425	1.132	5	98
817	20425	1.132	3	18
817	20425	1.132	2	0
818	20450	1.133	5	98
818	20450	1.133	3	18
818	20450	1.133	2	0
819	20475	1.135	5	98
819	20475	1.135	3	18
819	20475	1.135	2	0
820	20500	1.136	5	98
820	20500	1.136	3	18
820	20500	1.136	2	0
821	20525	1.137	5	98
821	20525	1.137	3	18
821	20525	1.137	2	0
822	20550	1.138	5	98
822	20550	1.138	3	18
822	20550	1.138	2	0
823	20575	1.138	5	98
823	20575	1.138	3	18
823	20575	1.138	2	0
824	20600	1.139	5	98
824	20600	1.139	3	18
824	20600	1.139	2	0
825	20625	1.14	5	98
825	20625	1.14	3	18
825	20625	1.14	2	0
826	20650	1.141	5	98
826	20650	1.141	3	18
826	20650	1.141	2	0
827	20675	1.142	5	98
827	20675	1.142	3	18
827	20675	1.142	2	0
828	20700	1.143	5	98
828	20700	1.143	3	18
828	20700	1.143	2	0
829	20725	1.143	5	98
829	20725	1.143	3	18
829	20725	1.143	2	0
830	20750	1.144	5	98
830	20750	1.144	3	18
830	20750	1.144	2	0
831	20775	1.145	5	98
831	20775	1.145	3	18
831	20775	1.145	2	0
832	20800	1.146	5	98
832	20800	1.146	3	18
832	20800	1.146	2	0
833	20825	1.147	5	98
833	20825	1.147	3	18
833	20825	1.147	2	0
834	20850	1.148	5	98
834	20850	1.148	3	18
834	20850	1.148	2	0
835	20875	1.148	5	98
835	20875	1.148	3	18
835	20875	1.148	2	0
836	20900	1.149	5	98
836	20900	1.149	3	18
836	20900	1.149	2	0
837	20925	1.15	5	98
837	20925	1.15	3	18
837	20925	1.15	2	0
838	20950	1.151	5	98
838	20950	1.151	3	18
838	20950	1.151	2	0
839	20975	1.152	5	98
839	20975	1.152	3	18
839	20975	1.152	2	0
840	21000	1.153	5	98
840	21000	1.153	3	18
840	21000	1.153	2	0
841	21025	1.153	5	98
841	21025	1.153	3	18
841	21025	1.153	2	0
842	21050	1.154	5	98
842	21050	1.154	3	18
842	21050	1.154	2	0
843	21075	1.155	5	98
843	21075	1.155	3	18
843	21075	1.155	2	0
844	21100	1.156	5	98
844	21100	1.156	3	18
844	21100	1.156	2	0
845	21125	1.157	5	98
845	21125	1.157	3	18
845	21125	1.157	2	0
846	21150	1.158	5	98
846	21150	1.158	3	18
846	21150	1.158	2	0
847	21175	1.159	5	98
847	21175	1.159	3	18
847	21175	1.159	2	0
848	21200	1.16	5	98
848	21200	1.16	3	18
848	21200	1.16	2	0
849	21225	1.161	5	98
849	21225	1.161	3	18
849	21225	1.161	2	0
850	21250	1.162	5	98
850	21250	1.162	3	18
850	21250	1.162	2	0
851	21275	1.163	5	98
851	21275	1.163	3	18
851	21275	1.163	2	0
852	21300	1.165	5	98
852	21300	1.165	3	18
852	21300	1.165	2	0
853	21325	1.166	5	98
853	21325	1.166	3	18
853	21325	1.166	2	0
854	21350	1.167	5	98
854	21350	1.167	3	18
854	21350	1.167	2	0
855	21375	1.168	5	98
855	21375	1.168	3	18
855	21375	1.168	2	0
856	21400	1.171	5	98
856	21400	1.171	3	18
856	21400	1.171	2	0
857	21425	1.173	5	98
857	21425	1.173	3	18
857	21425	1.173	2	0
858	21450	1.175	5	98
858	21450	1.175	3	18
858	21450	1.175	2	0
859	21475	1.176	5	98
859	21475	1.176	3	18
859	21475	1.176	2	0
860	21500	1.177	5	98
860	21500	1.177	3	18
860	21500	1.177	2	0
861	21525	1.179	5	98
861	21525	1.179	3	18
861	21525	1.179	2	0
862	21550	1.18	5	98
862	21550	1.18	3	18
862	21550	1.18	2	0
863	21575	1.181	5	98
863	21575	1.181	3	18
863	21575	1.181	2	0
864	21600	1.182	5	98
864	21600	1.182	3	18
864	21600	1.182	2	0
865	21625	1.183	5	98
865	21625	1.183	3	18
865	21625	1.183	2	0
866	21650	1.185	5	98
866	21650	1.185	3	18
866	21650	1.185	2	0
867	21675	1.186	5	98
867	21675	1.186	3	18
867	21675	1.186	2	0
868	21700	1.187	5	98
868	21700	1.187	3	18
868	21700	1.187	2	0
869	21725	1.187	5	98
869	21725	1.187	3	18
869	21725	1.187	2	0
870	21750	1.188	5	98
870	21750	1.188	3	18
870	21750	1.188	2	0
871	21775	1.189	5	98
871	21775	1.189	3	18
871	21775	1.189	2	0
872	21800	1.19	5	98
872	21800	1.19	3	18
872	21800	1.19	2	0
873	21825	1.191	5	98
873	21825	1.191	3	18
873	21825	1.191	2	0
874	21850	1.192	5	98
874	21850	1.192	3	18
874	21850	1.192	2	0
875	21875	1.193	5	98
875	21875	1.193	3	18
875	21875	1.193	2	0
876	21900	1.193	5	98
876	21900	1.193	3	18
876	21900	1.193	2	0
877	21925	1.194	5	98
877	21925	1.194	3	18
877	21925	1.194	2	0
878	21950	1.195	5	98
878	21950	1.195	3	18
878	21950	1.195	2	0
879	21975	1.196	5	98
879	21975	1.196	3	18
879	21975	1.196	2	0
880	22000	1.197	5	98
880	22000	1.197	3	18
880	22000	1.197	2	0
881	22025	1.199	5	98
881	22025	1.199	3	18
881	22025	1.199	2	0
882	22050	1.2	5	98
882	22050	1.2	3	18
882	22050	1.2	2	0
883	22075	1.202	5	98
883	22075	1.202	3	18
883	22075	1.202	2	0
884	22100	1.204	5	98
884	22100	1.204	3	18
884	22100	1.204	2	0
885	22125	1.206	5	98
885	22125	1.206	3	18
885	22125	1.206	2	0
886	22150	1.208	5	98
886	22150	1.208	3	18
886	22150	1.208	2	0
887	22175	1.209	5	98
887	22175	1.209	3	18
887	22175	1.209	2	0
888	22200	1.21	5	98
888	22200	1.21	3	18
888	22200	1.21	2	0
889	22225	1.212	5	98
889	22225	1.212	3	18
889	22225	1.212	2	0
890	22250	1.213	5	98
890	22250	1.213	3	18
890	22250	1.213	2	0
891	22275	1.215	5	98
891	22275	1.215	3	18
891	22275	1.215	2	0
892	22300	1.216	5	98
892	22300	1.216	3	18
892	22300	1.216	2	0
893	22325	1.217	5	98
893	22325	1.217	3	18
893	22325	1.217	2	0
894	22350	1.218	5	98
894	22350	1.218	3	18
894	22350	1.218	2	0
895	22375	1.218	5	98
895	22375	1.218	3	18
895	22375	1.218	2	0
896	22400	1.219	5	98
896	22400	1.219	3	18
896	22400	1.219	2	0
897	22425	1.22	5	98
897	22425	1.22	3	18
897	22425	1.22	2	0
898	22450	1.221	5	98
898	22450	1.221	3	18
898	22450	1.221	2	0
899	22475	1.222	5	98
899	22475	1.222	3	18
899	22475	1.222	2	0
900	22500	1.222	5	98
900	22500	1.222	3	18
900	22500	1.222	2	0
901	22525	1.223	5	98
901	22525	1.223	3	18
901	22525	1.223	2	0
902	22550	1.224	5	98
902	22550	1.224	3	18
902	22550	1.224	2	0
903	22575	1.225	5	98
903	22575	1.225	3	18
903	22575	1.225	2	0
904	22600	1.226	5	98
904	22600	1.226	3	18
904	22600	1.226	2	0
905	22625	1.228	5	98
905	22625	1.228	3	18
905	22625	1.228	2	0
906	22650	1.229	5	98
906	22650	1.229	3	18
906	22650	1.229	2	0
907	22675	1.229	5	98
907	22675	1.229	3	18
907	22675	1.229	2	0
908	22700	1.23	5	98
908	22700	1.23	3	18
908	22700	1.23	2	0
909	22725	1.231	5	98
909	22725	1.231	3	18
909	22725	1.231	2	0
910	22750	1.232	5	98
910	22750	1.232	3	18
910	22750	1.232	2	0
911	22775	1.233	5	98
911	22775	1.233	3	18
911	22775	1.233	2	0
912	22800	1.233	5	98
912	22800	1.233	3	18
912	22800	1.233	2	0
913	22825	1.234	5	98
913	22825	1.234	3	18
913	22825	1.234	2	0
914	22850	1.235	5	98
914	22850	1.235	3	18
914	22850	1.235	2	0
915	22875	1.236	5	98
915	22875	1.236	3	18
915	22875	1.236	2	0
916	22900	1.237	5	98
916	22900	1.237	3	18
916	22900	1.237	2	0
917	22925	1.238	5	98
917	22925	1.238	3	18
917	22925	1.238	2	0
918	22950	1.238	5	98
918	22950	1.238	3	18
918	22950	1.238	2	0
919	22975	1.239	5	98
919	22975	1.239	3	18
919	22975	1.239	2	0
920	23000	1.24	5	98
920	23000	1.24	3	18
920	23000	1.24	2	0
921	23025	1.241	5	98
921	23025	1.241	3	18
921	23025	1.241	2	0
922	23050	1.241	5	98
922	23050	1.241	3	18
922	23050	1.241	2	0
923	23075	1.242	5	98
923	23075	1.242	3	18
923	23075	1.242	2	0
924	23100	1.243	5	98
924	23100	1.243	3	18
924	23100	1.243	2	0
925	23125	1.244	5	98
925	23125	1.244	3	18
925	23125	1.244	2	0
926	23150	1.244	5	98
926	23150	1.244	3	18
926	23150	1.244	2	0
927	23175	1.245	5	98
927	23175	1.245	3	18
927	23175	1.245	2	0
928	23200	1.246	5	98
928	23200	1.246	3	18
928	23200	1.246	2	0
929	23225	1.247	5	98
929	23225	1.247	3	18
929	23225	1.247	2	0
930	23250	1.247	5	98
930	23250	1.247	3	18
930	23250	1.247	2	0
931	23275	1.248	5	98
931	23275	1.248	3	18
931	23275	1.248	2	0
932	23300	1.249	5	98
932	23300	1.249	3	18
932	23300	1.249	2	0
933	23325	1.25	5	98
933	23325	1.25	3	18
933	23325	1.25	2	0
934	23350	1.251	5	98
934	23350	1.251	3	18
934	23350	1.251	2	0
935	23375	1.252	5	98
935	23375	1.252	3	18
935	23375	1.252	2	0
936	23400	1.253	5	98
936	23400	1.253	3	18
936	23400	1.253	2	0
937	23425	1.254	5	98
937	23425	1.254	3	18
937	23425	1.254	2	0
938	23450	1.255	5	98
938	23450	1.255	3	18
938	23450	1.255	2	0
939	23475	1.256	5	98
939	23475	1.256	3	18
939	23475	1.256	2	0
940	23500	1.256	5	98
940	23500	1.256	3	18
940	23500	1.256	2	0
941	23525	1.258	5	98
941	23525	1.258	3	18
941	23525	1.258	2	0
942	23550	1.259	5	98
942	23550	1.259	3	18
942	23550	1.259	2	0
943	23575	1.26	5	98
943	23575	1.26	3	18
943	23575	1.26	2	0
944	23600	1.261	5	98
944	23600	1.261	3	18
944	23600	1.261	2	0
945	23625	1.262	5	98
945	23625	1.262	3	18
945	23625	1.262	2	0
946	23650	1.262	5	98
946	23650	1.262	3	18
946	23650	1.262	2	0
947	23675	1.263	5	98
947	23675	1.263	3	18
947	23675	1.263	2	0
948	23700	1.264	5	98
948	23700	1.264	3	18
948	23700	1.264	2	0
949	23725	1.265	5	98
949	23725	1.265	3	18
949	23725	1.265	2	0
950	23750	1.266	5	98
950	23750	1.266	3	18
950	23750	1.266	2	0
951	23775	1.267	5	98
951	23775	1.267	3	18
951	23775	1.267	2	0
952	23800	1.267	5	98
952	23800	1.267	3	18
952	23800	1.267	2	0
953	23825	1.268	5	98
953	23825	1.268	3	18
953	23825	1.268	2	0
954	23850	1.269	5	98
954	23850	1.269	3	18
954	23850	1.269	2	0
955	23875	1.27	5	98
955	23875	1.27	3	18
955	23875	1.27	2	0
956	23900	1.271	5	98
956	23900	1.271	3	18
956	23900	1.271	2	0
957	23925	1.271	5	98
957	23925	1.271	3	18
957	23925	1.271	2	0
958	23950	1.272	5	98
958	23950	1.272	3	18
958	23950	1.272	2	0
959	23975	1.273	5	98
959	23975	1.273	3	18
959	23975	1.273	2	0
960	24000	1.274	5	98
960	24000	1.274	3	18
960	24000	1.274	2	0
961	24025	1.275	5	98
961	24025	1.275	3	18
961	24025	1.275	2	0
962	24050	1.276	5	98
962	24050	1.276	3	18
962	24050	1.276	2	0
963	24075	1.278	5	98
963	24075	1.278	3	18
963	24075	1.278	2	0
964	24100	1.28	5	98
964	24100	1.28	3	18
964	24100	1.28	2	0
965	24125	1.281	5	98
965	24125	1.281	3	18
965	24125	1.281	2	0
966	24150	1.282	5	98
966	24150	1.282	3	18
966	24150	1.282	2	0
967	24175	1.283	5	98
967	24175	1.283	3	18
967	24175	1.283	2	0
968	24200	1.284	5	98
968	24200	1.284	3	18
968	24200	1.284	2	0
969	24225	1.285	5	98
969	24225	1.285	3	18
969	24225	1.285	2	0
970	24250	1.286	5	98
970	24250	1.286	3	18
970	24250	1.286	2	0
971	24275	1.286	5	98
971	24275	1.286	3	18
971	24275	1.286	2	0
972	24300	1.288	5	98
972	24300	1.288	3	18
972	24300	1.288	2	0
973	24325	1.289	5	98
973	24325	1.289	3	18
973	24325	1.289	2	0
974	24350	1.29	5	98
974	24350	1.29	3	18
974	24350	1.29	2	0
975	24375	1.291	5	98
975	24375	1.291	3	18
975	24375	1.291	2	0
976	24400	1.292	5	98
976	24400	1.292	3	18
976	24400	1.292	2	0
977	24425	1.293	5	98
977	24425	1.293	3	18
977	24425	1.293	2	0
978	24450	1.293	5	98
978	24450	1.293	3	18
978	24450	1.293	2	0
979	24475	1.294	5	98
979	24475	1.294	3	18
979	24475	1.294	2	0
980	24500	1.295	5	98
980	24500	1.295	3	18
980	24500	1.295	2	0
981	24525	1.296	5	98
981	24525	1.296	3	18
981	24525	1.296	2	0
982	24550	1.297	5	98
982	24550	1.297	3	18
982	24550	1.297	2	0
983	24575	1.298	5	98
983	24575	1.298	3	18
983	24575	1.298	2	0
984	24600	1.299	5	98
984	24600	1.299	3	18
984	24600	1.299	2	0
985	24625	1.299	5	98
985	24625	1.299	3	18
985	24625	1.299	2	0
986	24650	1.3	5	98
986	24650	1.3	3	18
986	24650	1.3	2	0
987	24675	1.301	5	98
987	24675	1.301	3	18
987	24675	1.301	2	0
988	24700	1.302	5	98
988	24700	1.302	3	18
988	24700	1.302	2	0
989	24725	1.303	5	98
989	24725	1.303	3	18
989	24725	1.303	2	0
990	24750	1.303	5	98
990	24750	1.303	3	18
990	24750	1.303	2	0
991	24775	1.304	5	98
991	24775	1.304	3	18
991	24775	1.304	2	0
992	24800	1.305	5	98
992	24800	1.305	3	18
992	24800	1.305	2	0
993	24825	1.306	5	98
993	24825	1.306	3	18
993	24825	1.306	2	0
994	24850	1.306	5	98
994	24850	1.306	3	18
994	24850	1.306	2	0
995	24875	1.307	5	98
995	24875	1.307	3	18
995	24875	1.307	2	0
996	24900	1.308	5	98
996	24900	1.308	3	18
996	24900	1.308	2	0
997	24925	1.309	5	98
997	24925	1.309	3	18
997	24925	1.309	2	0
998	24950	1.31	5	98
998	24950	1.31	3	18
998	24950	1.31	2	0
999	24975	1.31	5	98
999	24975	1.31	3	18
999	24975	1.31	2	0
1000	25000	1.311	5	98
1000	25000	1.311	3	18
1000	25000	1.311	2	0
